{"cameraMode":{"drawMode":0,"name":"Shaded","section":"Shading Mode"},"sceneLighting":false,"audioPlay":false,"sceneViewState":{"showFog":true,"showMaterialUpdate":false,"showSkybox":false,"showFlares":true,"showImageEffects":true,"showParticleSystems":true},"in2DMode":false,"pivot":{"x":-1.1699999570846558,"y":1.7916455268859864,"z":0.630000114440918},"rotation":{"x":-0.18662574887275697,"y":-0.09912963211536408,"z":0.018931105732917787,"w":-0.97725909948349},"size":0.6602007746696472,"orthographic":false}