{"cameraMode":{"drawMode":0,"name":"Shaded","section":"Shading Mode"},"sceneLighting":true,"audioPlay":false,"sceneViewState":{"showFog":true,"showMaterialUpdate":false,"showSkybox":true,"showFlares":true,"showImageEffects":true,"showParticleSystems":true},"in2DMode":false,"pivot":{"x":2.717970132827759,"y":5.01313591003418,"z":-7.727210521697998},"rotation":{"x":-0.2733728587627411,"y":-0.7013049125671387,"z":0.34006497263908389,"w":-0.5637698173522949},"size":10.667135238647461,"orthographic":false}