{"cameraMode":{"drawMode":0,"name":"Shaded","section":"Shading Mode"},"sceneLighting":true,"audioPlay":false,"sceneViewState":{"showFog":true,"showMaterialUpdate":false,"showSkybox":true,"showFlares":true,"showImageEffects":true,"showParticleSystems":true},"in2DMode":false,"pivot":{"x":-14.444113731384278,"y":8.888343811035157,"z":-1.5495281219482422},"rotation":{"x":0.028911275789141656,"y":0.9704957604408264,"z":-0.18563930690288545,"w":0.15114672482013703},"size":15.3626127243042,"orthographic":false}