{"cameraMode":{"drawMode":0,"name":"Shaded","section":"Shading Mode"},"sceneLighting":true,"audioPlay":false,"sceneViewState":{"showFog":true,"showMaterialUpdate":false,"showSkybox":true,"showFlares":true,"showImageEffects":true,"showParticleSystems":true},"in2DMode":false,"pivot":{"x":0.3066575825214386,"y":37.84116744995117,"z":10.663016319274903},"rotation":{"x":0.3373260796070099,"y":0.6130065321922302,"z":-0.32500553131103518,"w":0.6362489461898804},"size":27.395063400268556,"orthographic":false}